code,name,country,schengen
BRU,Brussels Airport,Belgium,yes
ANR,Antwerp International Airport,Belgium,yes
CRL,Brussels South Charleroi,Belgium,yes
LIS,Lisbon Airport,Portugal,yes
OPO,Porto Airport,Portugal,yes
FAO,Faro Airport,Portugal,yes
FNC,Madeira Airport,Portugal,yes
PDL,Ponta Delgada Airport,Portugal,yes
MAD,Madrid Barajas,Spain,yes
BCN,Barcelona El Prat,Spain,yes
AGP,Malaga Airport,Spain,yes
VLC,Valencia Airport,Spain,yes
SVQ,Seville Airport,Spain,yes
PMI,Palma de Mallorca Airport,Spain,yes
LPA,Gran Canaria Airport,Spain,yes
TFS,Tenerife South Airport,Spain,yes
FRA,Frankfurt Airport,Germany,yes
MUC,Munich Airport,Germany,yes
DUS,Dusseldorf Airport,Germany,yes
BER,Berlin Brandenburg Airport,Germany,yes
HAM,Hamburg Airport,Germany,yes
CGN,Cologne Bonn Airport,Germany,yes
CDG,Paris Charles de Gaulle,France,yes
ORY,Paris Orly,France,yes
LYS,Lyon Saint Exupery,France,yes
MRS,Marseille Provence,France,yes
NCE,Nice Cote d Azur,France,yes
AMS,Amsterdam Schiphol,Netherlands,yes
EIN,Eindhoven Airport,Netherlands,yes
FCO,Rome Fiumicino,Italy,yes
MXP,Milan Malpensa,Italy,yes
LIN,Milan Linate,Italy,yes
VCE,Venice Marco Polo,Italy,yes
NAP,Naples Airport,Italy,yes
BLQ,Bologna Airport,Italy,yes
VIE,Vienna International,Austria,yes
ZRH,Zurich Airport,Switzerland,yes
GVA,Geneva Airport,Switzerland,yes
CPH,Copenhagen Airport,Denmark,yes
ARN,Stockholm Arlanda,Sweden,yes
OSL,Oslo Gardermoen,Norway,yes
HEL,Helsinki Vantaa,Finland,yes
WAW,Warsaw Chopin,Poland,yes
KRK,Krakow Airport,Poland,yes
PRG,Prague Airport,Czech Republic,yes
BUD,Budapest Airport,Hungary,yes
ATH,Athens Airport,Greece,yes
SOF,Sofia Airport,Bulgaria,yes
OTP,Bucharest Henri Coanda,Romania,yes
ZAG,Zagreb Airport,Croatia,yes
LJU,Ljubljana Airport,Slovenia,yes
RIX,Riga Airport,Latvia,yes
VNO,Vilnius Airport,Lithuania,yes
TLL,Tallinn Airport,Estonia,yes
MLA,Malta Airport,Malta,yes
LHR,London Heathrow,United Kingdom,no
LGW,London Gatwick,United Kingdom,no
STN,London Stansted,United Kingdom,no
LTN,London Luton,United Kingdom,no
MAN,Manchester Airport,United Kingdom,no
BHX,Birmingham Airport,United Kingdom,no
EDI,Edinburgh Airport,United Kingdom,no
GLA,Glasgow Airport,United Kingdom,no
DUB,Dublin Airport,Ireland,no
SNN,Shannon Airport,Ireland,no
IST,Istanbul Airport,Turkey,no
SAW,Istanbul Sabiha Gokcen,Turkey,no
ESB,Ankara Esenboga,Turkey,no
ADB,Izmir Adnan Menderes,Turkey,no
AYT,Antalya Airport,Turkey,no
TBS,Tbilisi Airport,Georgia,no
KUT,Kutaisi Airport,Georgia,no
EVN,Yerevan Airport,Armenia,no
GYD,Baku Heydar Aliyev,Azerbaijan,no
BEG,Belgrade Nikola Tesla,Serbia,no
INI,Nis Airport,Serbia,no
TIA,Tirana Airport,Albania,no
PRN,Pristina Airport,Kosovo,no
SKP,Skopje Airport,North Macedonia,no
TGD,Podgorica Airport,Montenegro,no
SJJ,Sarajevo Airport,Bosnia and Herzegovina,no
DOH,Doha Hamad International,Qatar,no
DXB,Dubai International,United Arab Emirates,no
DWC,Dubai Al Maktoum,United Arab Emirates,no
AUH,Abu Dhabi International,United Arab Emirates,no
SHJ,Sharjah International,United Arab Emirates,no
AMM,Amman Queen Alia,Jordan,no
AQJ,Aqaba King Hussein,Jordan,no
BEY,Beirut Rafic Hariri,Lebanon,no
TLV,Tel Aviv Ben Gurion,Israel,no
RUH,Riyadh King Khalid,Saudi Arabia,no
JED,Jeddah King Abdulaziz,Saudi Arabia,no
DMM,Dammam King Fahd,Saudi Arabia,no
MED,Madinah Airport,Saudi Arabia,no
KWI,Kuwait International,Kuwait,no
BAH,Bahrain International,Bahrain,no
MCT,Muscat International,Oman,no
SLL,Salalah Airport,Oman,no
IKA,Tehran Imam Khomeini,Iran,no
THR,Tehran Mehrabad,Iran,no
MHD,Mashhad Airport,Iran,no
SYZ,Shiraz Airport,Iran,no
ISU,Sulaymaniyah International,Iraq,no
BGW,Baghdad International,Iraq,no
EBL,Erbil International,Iraq,no
BSR,Basra International,Iraq,no
NJF,Najaf International,Iraq,no
CMN,Casablanca Mohammed V,Morocco,no
RAK,Marrakesh Menara,Morocco,no
RBA,Rabat Sale,Morocco,no
AGA,Agadir Al Massira,Morocco,no
TNG,Tangier Ibn Battouta,Morocco,no
FEZ,Fes Saiss,Morocco,no
CAI,Cairo International,Egypt,no
HRG,Hurghada International,Egypt,no
SSH,Sharm El Sheikh International,Egypt,no
LXR,Luxor International,Egypt,no
ALG,Algiers Houari Boumediene,Algeria,no
ORN,Oran Ahmed Ben Bella,Algeria,no
TUN,Tunis Carthage,Tunisia,no
MIR,Monastir Habib Bourguiba,Tunisia,no
DJE,Djerba Zarzis,Tunisia,no
TIP,Tripoli Mitiga,Libya,no
BEN,Benghazi Benina,Libya,no
ADD,Addis Ababa Bole,Ethiopia,no
NBO,Nairobi Jomo Kenyatta,Kenya,no
MBA,Mombasa Moi,Kenya,no
KGL,Kigali International,Rwanda,no
EBB,Entebbe International,Uganda,no
DAR,Dar es Salaam Julius Nyerere,Tanzania,no
JRO,Kilimanjaro International,Tanzania,no
ZNZ,Zanzibar Abeid Amani Karume,Tanzania,no
KRT,Khartoum International,Sudan,no
JUB,Juba International,South Sudan,no
ASM,Asmara International,Eritrea,no
JIB,Djibouti Ambouli,Djibouti,no
MGQ,Mogadishu Aden Adde,Somalia,no
HGA,Hargeisa Egal International,Somalia,no
LOS,Lagos Murtala Muhammed,Nigeria,no
ABV,Abuja Nnamdi Azikiwe,Nigeria,no
PHC,Port Harcourt International,Nigeria,no
ACC,Accra Kotoka,Ghana,no
ABJ,Abidjan Felix Houphouet Boigny,Cote d Ivoire,no
DKR,Dakar Blaise Diagne,Senegal,no
BJL,Banjul International,Gambia,no
CKY,Conakry International,Guinea,no
FNA,Freetown Lungi,Sierra Leone,no
ROB,Monrovia Roberts,Liberia,no
BKO,Bamako Modibo Keita,Mali,no
OUA,Ouagadougou Airport,Burkina Faso,no
NIM,Niamey Diori Hamani,Niger,no
NDJ,N Djamena International,Chad,no
NSI,Yaounde Nsimalen,Cameroon,no
DLA,Douala International,Cameroon,no
LBV,Libreville Leon Mba,Gabon,no
FIH,Kinshasa N Djili,Democratic Republic of the Congo,no
BZV,Brazzaville Maya Maya,Republic of the Congo,no
LAD,Luanda Quatro de Fevereiro,Angola,no
MPM,Maputo International,Mozambique,no
JNB,Johannesburg OR Tambo,South Africa,no
CPT,Cape Town International,South Africa,no
DUR,Durban King Shaka,South Africa,no
MRU,Mauritius Sir Seewoosagur Ramgoolam,Mauritius,no
SEZ,Seychelles International,Seychelles,no
TNR,Antananarivo Ivato,Madagascar,no
GRU,Sao Paulo Guarulhos,Brazil,no
CGH,Sao Paulo Congonhas,Brazil,no
VCP,Campinas Viracopos,Brazil,no
GIG,Rio de Janeiro Galeao,Brazil,no
SDU,Rio de Janeiro Santos Dumont,Brazil,no
CNF,Belo Horizonte Confins,Brazil,no
RAO,Ribeirao Preto,Brazil,no
BSB,Brasilia,Brazil,no
REC,Recife,Brazil,no
FOR,Fortaleza,Brazil,no
SSA,Salvador Bahia,Brazil,no
POA,Porto Alegre,Brazil,no
CWB,Curitiba Afonso Pena,Brazil,no
FLN,Florianopolis,Brazil,no
NVT,Navegantes,Brazil,no
IGU,Foz do Iguacu,Brazil,no
MAO,Manaus,Brazil,no
BEL,Belem Val de Cans,Brazil,no
NAT,Natal,Brazil,no
MCZ,Maceio,Brazil,no
AJU,Aracaju,Brazil,no
JPA,Joao Pessoa,Brazil,no
VIX,Vitoria Eurico de Aguiar Salles,Brazil,no
GYN,Goiania Santa Genoveva,Brazil,no
CGB,Cuiaba Marechal Rondon,Brazil,no
CGR,Campo Grande,Brazil,no
LDB,Londrina,Brazil,no
MGF,Maringa,Brazil,no
UDI,Uberlandia,Brazil,no
IOS,Ilheus Jorge Amado,Brazil,no
BPS,Porto Seguro,Brazil,no
THE,Teresina,Brazil,no
SLZ,Sao Luis,Brazil,no
PMW,Palmas,Brazil,no
PVH,Porto Velho,Brazil,no
RBR,Rio Branco,Brazil,no
STM,Santarem,Brazil,no
MAB,Maraba,Brazil,no
IMP,Imperatriz,Brazil,no
JDO,Juazeiro do Norte,Brazil,no
PNZ,Petrolina,Brazil,no
LBR,Labrea,Brazil,no
EZE,Buenos Aires Ezeiza,Argentina,no
AEP,Buenos Aires Aeroparque,Argentina,no
COR,Cordoba Airport,Argentina,no
MDZ,Mendoza Airport,Argentina,no
SCL,Santiago Arturo Merino Benitez,Chile,no
LIM,Lima Jorge Chavez,Peru,no
BOG,Bogota El Dorado,Colombia,no
MDE,Medellin Jose Maria Cordova,Colombia,no
CLO,Cali Alfonso Bonilla Aragon,Colombia,no
UIO,Quito Mariscal Sucre,Ecuador,no
GYE,Guayaquil Jose Joaquin de Olmedo,Ecuador,no
CCS,Caracas Simon Bolivar,Venezuela,no
MVD,Montevideo Carrasco,Uruguay,no
ASU,Asuncion Silvio Pettirossi,Paraguay,no
LPB,La Paz El Alto,Bolivia,no
VVI,Santa Cruz Viru Viru,Bolivia,no
PTY,Panama City Tocumen,Panama,no
SJO,San Jose Juan Santamaria,Costa Rica,no
GUA,Guatemala City La Aurora,Guatemala,no
SAL,San Salvador,El Salvador,no
MGA,Managua Augusto C Sandino,Nicaragua,no
TGU,Tegucigalpa Toncontin,Honduras,no
SAP,San Pedro Sula,Honduras,no
MEX,Mexico City Benito Juarez,Mexico,no
NLU,Mexico City Felipe Angeles,Mexico,no
CUN,Cancun International,Mexico,no
GDL,Guadalajara International,Mexico,no
MTY,Monterrey International,Mexico,no
HAV,Havana Jose Marti,Cuba,no
SDQ,Santo Domingo Las Americas,Dominican Republic,no
PUJ,Punta Cana International,Dominican Republic,no
KIN,Kingston Norman Manley,Jamaica,no
POS,Port of Spain Piarco,Trinidad and Tobago,no
GEO,Georgetown Cheddi Jagan,Guyana,no
JFK,New York John F Kennedy,United States,no
EWR,Newark Liberty,United States,no
LGA,New York LaGuardia,United States,no
BOS,Boston Logan,United States,no
IAD,Washington Dulles,United States,no
DCA,Washington Reagan National,United States,no
ATL,Atlanta Hartsfield Jackson,United States,no
MIA,Miami International,United States,no
FLL,Fort Lauderdale Hollywood,United States,no
MCO,Orlando International,United States,no
ORD,Chicago O Hare,United States,no
DFW,Dallas Fort Worth,United States,no
IAH,Houston George Bush,United States,no
DEN,Denver International,United States,no
LAX,Los Angeles International,United States,no
SFO,San Francisco International,United States,no
SEA,Seattle Tacoma,United States,no
LAS,Las Vegas Harry Reid,United States,no
PHL,Philadelphia International,United States,no
CLT,Charlotte Douglas,United States,no
YYZ,Toronto Pearson,Canada,no
YUL,Montreal Trudeau,Canada,no
YVR,Vancouver International,Canada,no
YYC,Calgary International,Canada,no
YOW,Ottawa International,Canada,no
DEL,Delhi Indira Gandhi,India,no
BOM,Mumbai Chhatrapati Shivaji,India,no
BLR,Bengaluru Kempegowda,India,no
MAA,Chennai International,India,no
HYD,Hyderabad Rajiv Gandhi,India,no
COK,Kochi International,India,no
CCU,Kolkata Netaji Subhas Chandra Bose,India,no
DAC,Dhaka Shahjalal,Bangladesh,no
CGP,Chittagong Shah Amanat,Bangladesh,no
KTM,Kathmandu Tribhuvan,Nepal,no
CMB,Colombo Bandaranaike,Sri Lanka,no
MLE,Male Velana,Maldives,no
KHI,Karachi Jinnah,Pakistan,no
LHE,Lahore Allama Iqbal,Pakistan,no
ISB,Islamabad International,Pakistan,no
PEW,Peshawar Bacha Khan,Pakistan,no
KBL,Kabul International,Afghanistan,no
TAS,Tashkent International,Uzbekistan,no
ALA,Almaty International,Kazakhstan,no
NQZ,Astana Nursultan Nazarbayev,Kazakhstan,no
FRU,Bishkek Manas,Kyrgyzstan,no
DYU,Dushanbe International,Tajikistan,no
ASB,Ashgabat International,Turkmenistan,no
BKK,Bangkok Suvarnabhumi,Thailand,no
DMK,Bangkok Don Mueang,Thailand,no
HKT,Phuket International,Thailand,no
SIN,Singapore Changi,Singapore,no
KUL,Kuala Lumpur International,Malaysia,no
PEN,Penang International,Malaysia,no
CGK,Jakarta Soekarno Hatta,Indonesia,no
DPS,Bali Denpasar,Indonesia,no
MNL,Manila Ninoy Aquino,Philippines,no
CEB,Cebu Mactan,Philippines,no
HAN,Hanoi Noi Bai,Vietnam,no
SGN,Ho Chi Minh City Tan Son Nhat,Vietnam,no
PNH,Phnom Penh International,Cambodia,no
VTE,Vientiane Wattay,Laos,no
RGN,Yangon International,Myanmar,no
HKG,Hong Kong International,Hong Kong,no
TPE,Taipei Taoyuan,Taiwan,no
NRT,Tokyo Narita,Japan,no
HND,Tokyo Haneda,Japan,no
KIX,Osaka Kansai,Japan,no
ICN,Seoul Incheon,South Korea,no
GMP,Seoul Gimpo,South Korea,no
PEK,Beijing Capital,China,no
PKX,Beijing Daxing,China,no
PVG,Shanghai Pudong,China,no
SHA,Shanghai Hongqiao,China,no
CAN,Guangzhou Baiyun,China,no
SZX,Shenzhen Baoan,China,no
CTU,Chengdu Shuangliu,China,no
TFU,Chengdu Tianfu,China,no
XIY,Xian Xianyang,China,no
KMG,Kunming Changshui,China,no
SYD,Sydney Kingsford Smith,Australia,no
MEL,Melbourne Tullamarine,Australia,no
BNE,Brisbane Airport,Australia,no
PER,Perth Airport,Australia,no
ADL,Adelaide Airport,Australia,no
AKL,Auckland Airport,New Zealand,no
CHC,Christchurch Airport,New Zealand,no
WLG,Wellington Airport,New Zealand,no
NAN,Nadi International,Fiji,no
